Week,Region,SKU,Forecast,Actual
1,North,SKU1,87,79
1,North,SKU2,158,150
1,North,SKU3,82,93
1,North,SKU4,129,126
1,South,SKU1,108,95
1,South,SKU2,103,109
1,South,SKU3,148,121
1,South,SKU4,119,96
1,East,SKU1,177,166
1,East,SKU2,83,96
1,East,SKU3,176,203
1,East,SKU4,198,223
1,West,SKU1,113,127
1,West,SKU2,155,137
1,West,SKU3,83,77
1,West,SKU4,186,195
2,North,SKU1,190,184
2,North,SKU2,173,202
2,North,SKU3,176,144
2,North,SKU4,93,94
2,South,SKU1,172,201
2,South,SKU2,116,132
2,South,SKU3,200,202
2,South,SKU4,134,137
2,East,SKU1,152,168
2,East,SKU2,113,97
2,East,SKU3,128,126
2,East,SKU4,198,177
2,West,SKU1,196,157
2,West,SKU2,182,195
2,West,SKU3,115,95
2,West,SKU4,111,123
3,North,SKU1,117,109
3,North,SKU2,130,106
3,North,SKU3,115,108
3,North,SKU4,164,147
3,South,SKU1,163,183
3,South,SKU2,157,126
3,South,SKU3,119,122
3,South,SKU4,121,137
3,East,SKU1,188,163
3,East,SKU2,139,112
3,East,SKU3,81,79
3,East,SKU4,125,124
3,West,SKU1,188,192
3,West,SKU2,132,108
3,West,SKU3,200,166
3,West,SKU4,194,202
4,North,SKU1,120,141
4,North,SKU2,136,118
4,North,SKU3,178,198
4,North,SKU4,113,129
4,South,SKU1,96,85
4,South,SKU2,102,87
4,South,SKU3,159,168
4,South,SKU4,109,92
4,East,SKU1,84,73
4,East,SKU2,144,164
4,East,SKU3,154,142
4,East,SKU4,150,163
4,West,SKU1,87,102
4,West,SKU2,113,134
4,West,SKU3,82,87
4,West,SKU4,189,215
5,North,SKU1,149,162
5,North,SKU2,156,139
5,North,SKU3,93,77
5,North,SKU4,136,114
5,South,SKU1,89,79
5,South,SKU2,121,124
5,South,SKU3,186,210
5,South,SKU4,133,110
5,East,SKU1,134,154
5,East,SKU2,98,79
5,East,SKU3,157,175
5,East,SKU4,122,145
5,West,SKU1,194,205
5,West,SKU2,140,164
5,West,SKU3,117,122
5,West,SKU4,100,94
6,North,SKU1,117,137
6,North,SKU2,196,203
6,North,SKU3,93,97
6,North,SKU4,183,169
6,South,SKU1,171,190
6,South,SKU2,145,161
6,South,SKU3,171,160
6,South,SKU4,107,101
6,East,SKU1,154,125
6,East,SKU2,172,147
6,East,SKU3,177,212
6,East,SKU4,90,106
6,West,SKU1,199,238
6,West,SKU2,152,152
6,West,SKU3,153,160
6,West,SKU4,173,167
7,North,SKU1,173,146
7,North,SKU2,192,194
7,North,SKU3,86,89
7,North,SKU4,164,165
7,South,SKU1,136,126
7,South,SKU2,104,117
7,South,SKU3,117,136
7,South,SKU4,122,109
7,East,SKU1,178,211
7,East,SKU2,109,107
7,East,SKU3,175,208
7,East,SKU4,168,150
7,West,SKU1,173,204
7,West,SKU2,132,124
7,West,SKU3,125,128
7,West,SKU4,89,103
8,North,SKU1,163,161
8,North,SKU2,109,106
8,North,SKU3,133,118
8,North,SKU4,185,209
8,South,SKU1,96,112
8,South,SKU2,111,123
8,South,SKU3,132,141
8,South,SKU4,165,141
8,East,SKU1,113,126
8,East,SKU2,123,113
8,East,SKU3,90,86
8,East,SKU4,144,171
8,West,SKU1,153,152
8,West,SKU2,192,212
8,West,SKU3,195,170
8,West,SKU4,138,111
9,North,SKU1,95,91
9,North,SKU2,177,180
9,North,SKU3,199,196
9,North,SKU4,92,78
9,South,SKU1,84,95
9,South,SKU2,83,89
9,South,SKU3,89,75
9,South,SKU4,190,192
9,East,SKU1,129,149
9,East,SKU2,125,106
9,East,SKU3,169,172
9,East,SKU4,171,156
9,West,SKU1,123,142
9,West,SKU2,194,181
9,West,SKU3,157,164
9,West,SKU4,172,140
10,North,SKU1,174,203
10,North,SKU2,137,159
10,North,SKU3,160,156
10,North,SKU4,186,181
10,South,SKU1,176,174
10,South,SKU2,97,106
10,South,SKU3,172,190
10,South,SKU4,197,222
10,East,SKU1,145,120
10,East,SKU2,194,155
10,East,SKU3,155,146
10,East,SKU4,163,159
10,West,SKU1,121,118
10,West,SKU2,145,157
10,West,SKU3,115,135
10,West,SKU4,92,82
11,North,SKU1,143,133
11,North,SKU2,152,153
11,North,SKU3,147,151
11,North,SKU4,188,220
11,South,SKU1,116,107
11,South,SKU2,120,132
11,South,SKU3,98,80
11,South,SKU4,200,218
11,East,SKU1,173,152
11,East,SKU2,146,133
11,East,SKU3,192,200
11,East,SKU4,92,86
11,West,SKU1,101,85
11,West,SKU2,115,114
11,West,SKU3,108,124
11,West,SKU4,116,136
12,North,SKU1,113,135
12,North,SKU2,176,148
12,North,SKU3,109,116
12,North,SKU4,98,82
12,South,SKU1,150,170
12,South,SKU2,176,152
12,South,SKU3,156,181
12,South,SKU4,194,197
12,East,SKU1,182,159
12,East,SKU2,142,160
12,East,SKU3,83,78
12,East,SKU4,116,136
12,West,SKU1,153,148
12,West,SKU2,136,137
12,West,SKU3,186,182
12,West,SKU4,197,166
