Week,Region,SKU,Forecast_Demand,Actual_Demand
1,North,SKU_A,503,552
1,South,SKU_A,356,424
1,East,SKU_A,984,1123
1,West,SKU_A,745,640
1,North,SKU_B,213,217
1,South,SKU_B,521,522
1,East,SKU_B,923,827
1,West,SKU_B,306,345
1,North,SKU_C,683,586
1,South,SKU_C,268,243
1,East,SKU_C,334,306
1,West,SKU_C,578,673
1,North,SKU_D,644,624
1,South,SKU_D,726,674
1,East,SKU_D,733,593
1,West,SKU_D,503,483
2,North,SKU_A,883,915
2,South,SKU_A,208,210
2,East,SKU_A,712,747
2,West,SKU_A,702,595
2,North,SKU_B,836,965
2,South,SKU_B,464,527
2,East,SKU_B,638,602
2,West,SKU_B,383,381
2,North,SKU_C,704,816
2,South,SKU_C,325,355
2,East,SKU_C,242,212
2,West,SKU_C,489,571
2,North,SKU_D,580,630
2,South,SKU_D,814,946
2,East,SKU_D,759,886
2,West,SKU_D,257,283
3,North,SKU_A,626,666
3,South,SKU_A,458,448
3,East,SKU_A,461,438
3,West,SKU_A,796,930
3,North,SKU_B,976,820
3,South,SKU_B,809,779
3,East,SKU_B,749,714
3,West,SKU_B,399,326
3,North,SKU_C,676,594
3,South,SKU_C,794,833
3,East,SKU_C,213,203
3,West,SKU_C,321,266
3,North,SKU_D,504,522
3,South,SKU_D,423,431
3,East,SKU_D,277,246
3,West,SKU_D,320,368
4,North,SKU_A,650,537
4,South,SKU_A,204,213
4,East,SKU_A,457,492
4,West,SKU_A,470,410
4,North,SKU_B,547,530
4,South,SKU_B,664,653
4,East,SKU_B,960,855
4,West,SKU_B,519,599
4,North,SKU_C,402,465
4,South,SKU_C,410,411
4,East,SKU_C,272,224
4,West,SKU_C,614,678
4,North,SKU_D,543,532
4,South,SKU_D,817,720
4,East,SKU_D,654,752
4,West,SKU_D,935,1003
5,North,SKU_A,643,756
5,South,SKU_A,364,383
5,East,SKU_A,608,521
5,West,SKU_A,805,848
5,North,SKU_B,222,261
5,South,SKU_B,941,1004
5,East,SKU_B,220,226
5,West,SKU_B,458,435
5,North,SKU_C,975,874
5,South,SKU_C,547,557
5,East,SKU_C,843,885
5,West,SKU_C,382,416
5,North,SKU_D,356,422
5,South,SKU_D,946,1078
5,East,SKU_D,288,315
5,West,SKU_D,789,726
6,North,SKU_A,545,605
6,South,SKU_A,725,736
6,East,SKU_A,226,261
6,West,SKU_A,916,933
6,North,SKU_B,420,477
6,South,SKU_B,822,905
6,East,SKU_B,753,671
6,West,SKU_B,489,400
6,North,SKU_C,209,188
6,South,SKU_C,718,698
6,East,SKU_C,655,691
6,West,SKU_C,770,896
6,North,SKU_D,855,745
6,South,SKU_D,213,176
6,East,SKU_D,639,567
6,West,SKU_D,490,514
7,North,SKU_A,800,878
7,South,SKU_A,600,662
7,East,SKU_A,383,443
7,West,SKU_A,507,457
7,North,SKU_B,277,276
7,South,SKU_B,874,994
7,East,SKU_B,584,501
7,West,SKU_B,982,1138
7,North,SKU_C,487,502
7,South,SKU_C,898,1062
7,East,SKU_C,812,907
7,West,SKU_C,327,282
7,North,SKU_D,932,1082
7,South,SKU_D,478,418
7,East,SKU_D,606,717
7,West,SKU_D,445,484
8,North,SKU_A,420,362
8,South,SKU_A,897,1032
8,East,SKU_A,480,556
8,West,SKU_A,765,815
8,North,SKU_B,634,720
8,South,SKU_B,625,744
8,East,SKU_B,907,966
8,West,SKU_B,408,422
8,North,SKU_C,474,496
8,South,SKU_C,759,623
8,East,SKU_C,218,175
8,West,SKU_C,670,750
8,North,SKU_D,287,253
8,South,SKU_D,682,712
8,East,SKU_D,224,223
8,West,SKU_D,672,654
9,North,SKU_A,421,392
9,South,SKU_A,996,805
9,East,SKU_A,613,703
9,West,SKU_A,915,856
9,North,SKU_B,285,265
9,South,SKU_B,519,591
9,East,SKU_B,780,879
9,West,SKU_B,716,574
9,North,SKU_C,855,883
9,South,SKU_C,916,989
9,East,SKU_C,902,874
9,West,SKU_C,250,240
9,North,SKU_D,749,705
9,South,SKU_D,886,723
9,East,SKU_D,421,344
9,West,SKU_D,991,998
10,North,SKU_A,493,428
10,South,SKU_A,686,819
10,East,SKU_A,443,432
10,West,SKU_A,855,809
10,North,SKU_B,899,823
10,South,SKU_B,942,762
10,East,SKU_B,719,626
10,West,SKU_B,394,358
10,North,SKU_C,917,782
10,South,SKU_C,945,795
10,East,SKU_C,868,1029
10,West,SKU_C,604,487
10,North,SKU_D,719,736
10,South,SKU_D,765,840
10,East,SKU_D,993,804
10,West,SKU_D,939,951
11,North,SKU_A,554,569
11,South,SKU_A,595,599
11,East,SKU_A,905,973
11,West,SKU_A,874,1000
11,North,SKU_B,953,1071
11,South,SKU_B,877,859
11,East,SKU_B,301,297
11,West,SKU_B,993,1119
11,North,SKU_C,563,527
11,South,SKU_C,637,693
11,East,SKU_C,393,320
11,West,SKU_C,465,476
11,North,SKU_D,771,622
11,South,SKU_D,495,438
11,East,SKU_D,613,685
11,West,SKU_D,375,335
12,North,SKU_A,268,278
12,South,SKU_A,323,325
12,East,SKU_A,393,408
12,West,SKU_A,946,856
12,North,SKU_B,662,589
12,South,SKU_B,620,521
12,East,SKU_B,772,894
12,West,SKU_B,357,286
12,North,SKU_C,345,303
12,South,SKU_C,621,573
12,East,SKU_C,827,802
12,West,SKU_C,366,305
12,North,SKU_D,977,1025
12,South,SKU_D,485,563
12,East,SKU_D,325,261
12,West,SKU_D,363,410
