Week,Region,SKU,Forecast_Demand,Actual_Demand,Stock_Level,Plant_Capacity,Supplier,Supplier_Lead_Time,Supplier_On_Time_Percent,Raw_Material_Available
1,Mumbai,SKU1,161,135,90,625,SupplierA,4,93,152
1,Mumbai,SKU2,166,181,42,716,SupplierA,2,72,211
1,Mumbai,SKU3,109,109,26,787,SupplierA,10,83,212
1,Mumbai,SKU4,137,141,21,581,SupplierC,8,80,242
1,Mumbai,SKU5,99,87,106,552,SupplierA,8,73,283
1,Kolkata,SKU1,188,176,87,522,SupplierC,9,87,163
1,Kolkata,SKU2,198,188,95,685,SupplierC,5,92,135
1,Kolkata,SKU3,85,90,94,540,SupplierA,3,82,242
1,Kolkata,SKU4,138,145,113,583,SupplierB,7,76,443
1,Kolkata,SKU5,114,123,38,587,SupplierC,5,75,336
1,Delhi,SKU1,128,116,76,666,SupplierA,5,96,116
1,Delhi,SKU2,183,169,88,533,SupplierA,7,76,435
1,Delhi,SKU3,143,137,137,573,SupplierB,4,77,481
1,Delhi,SKU4,151,153,129,798,SupplierB,7,77,170
1,Delhi,SKU5,145,144,32,556,SupplierA,4,95,448
1,Bangalore,SKU1,134,139,118,695,SupplierC,9,86,228
1,Bangalore,SKU2,150,171,22,558,SupplierC,10,94,236
1,Bangalore,SKU3,178,188,48,650,SupplierB,4,84,101
1,Bangalore,SKU4,172,197,87,756,SupplierA,10,99,154
1,Bangalore,SKU5,191,200,149,601,SupplierA,7,94,182
2,Mumbai,SKU1,149,176,20,665,SupplierB,2,73,285
2,Mumbai,SKU2,192,229,98,622,SupplierA,5,98,390
2,Mumbai,SKU3,90,75,144,535,SupplierC,4,74,437
2,Mumbai,SKU4,140,165,62,635,SupplierC,8,100,208
2,Mumbai,SKU5,198,201,71,659,SupplierB,7,84,364
2,Kolkata,SKU1,137,116,77,532,SupplierB,2,88,383
2,Kolkata,SKU2,109,112,21,536,SupplierC,2,77,134
2,Kolkata,SKU3,195,158,104,536,SupplierC,5,78,442
2,Kolkata,SKU4,142,125,53,792,SupplierC,9,77,342
2,Kolkata,SKU5,183,176,44,549,SupplierC,8,81,316
2,Delhi,SKU1,132,130,33,550,SupplierA,8,93,273
2,Delhi,SKU2,182,208,83,598,SupplierA,10,84,171
2,Delhi,SKU3,134,117,138,627,SupplierA,9,95,381
2,Delhi,SKU4,92,75,23,547,SupplierA,4,83,348
2,Delhi,SKU5,141,124,122,530,SupplierA,8,70,299
2,Bangalore,SKU1,113,132,136,646,SupplierB,10,91,467
2,Bangalore,SKU2,142,122,95,611,SupplierA,10,71,482
2,Bangalore,SKU3,120,98,142,757,SupplierC,4,71,360
2,Bangalore,SKU4,90,102,37,534,SupplierC,5,82,161
2,Bangalore,SKU5,200,231,83,796,SupplierC,2,89,141
3,Mumbai,SKU1,133,141,100,633,SupplierA,7,77,235
3,Mumbai,SKU2,130,110,96,734,SupplierB,3,70,334
3,Mumbai,SKU3,159,190,45,537,SupplierC,5,86,235
3,Mumbai,SKU4,96,112,37,625,SupplierB,6,75,324
3,Mumbai,SKU5,186,189,97,770,SupplierA,10,79,439
3,Kolkata,SKU1,93,109,54,635,SupplierA,3,93,383
3,Kolkata,SKU2,99,89,73,675,SupplierA,6,86,350
3,Kolkata,SKU3,112,130,33,547,SupplierC,8,96,241
3,Kolkata,SKU4,85,68,53,634,SupplierA,9,87,461
3,Kolkata,SKU5,134,137,48,538,SupplierC,4,87,118
3,Delhi,SKU1,186,176,57,720,SupplierA,2,79,286
3,Delhi,SKU2,195,228,30,683,SupplierA,5,91,152
3,Delhi,SKU3,125,139,124,579,SupplierA,4,95,190
3,Delhi,SKU4,192,185,65,670,SupplierB,5,78,181
3,Delhi,SKU5,180,194,117,519,SupplierB,5,76,335
3,Bangalore,SKU1,124,114,78,614,SupplierA,5,82,268
3,Bangalore,SKU2,115,131,91,679,SupplierC,10,82,447
3,Bangalore,SKU3,187,189,27,559,SupplierB,4,88,235
3,Bangalore,SKU4,84,70,131,676,SupplierC,7,83,410
3,Bangalore,SKU5,145,122,68,630,SupplierA,8,70,366
4,Mumbai,SKU1,198,326,70,686,SupplierB,3,100,440
4,Mumbai,SKU2,197,261,51,653,SupplierC,6,91,309
4,Mumbai,SKU3,121,165,52,598,SupplierB,8,91,483
4,Mumbai,SKU4,195,246,123,780,SupplierA,6,79,207
4,Mumbai,SKU5,135,219,102,738,SupplierB,9,91,209
4,Kolkata,SKU1,145,213,63,543,SupplierB,10,91,424
4,Kolkata,SKU2,159,219,80,658,SupplierA,5,74,112
4,Kolkata,SKU3,85,110,38,733,SupplierB,5,92,456
4,Kolkata,SKU4,129,182,21,554,SupplierB,5,75,456
4,Kolkata,SKU5,146,208,51,733,SupplierA,9,91,371
4,Delhi,SKU1,151,233,133,758,SupplierB,10,84,181
4,Delhi,SKU2,175,289,83,641,SupplierC,9,90,222
4,Delhi,SKU3,115,164,80,639,SupplierB,7,98,376
4,Delhi,SKU4,90,108,59,609,SupplierA,8,83,269
4,Delhi,SKU5,149,205,127,699,SupplierC,2,97,491
4,Bangalore,SKU1,153,203,110,652,SupplierB,8,87,482
4,Bangalore,SKU2,174,258,76,749,SupplierA,6,83,348
4,Bangalore,SKU3,83,115,123,584,SupplierB,4,89,373
4,Bangalore,SKU4,83,140,26,542,SupplierC,8,74,336
4,Bangalore,SKU5,103,120,74,732,SupplierB,7,94,294
5,Mumbai,SKU1,115,126,127,629,SupplierA,9,70,483
5,Mumbai,SKU2,149,122,109,614,SupplierC,3,94,433
5,Mumbai,SKU3,85,93,83,602,SupplierA,4,77,164
5,Mumbai,SKU4,140,149,75,738,SupplierC,6,94,288
5,Mumbai,SKU5,101,105,49,583,SupplierB,3,88,113
5,Kolkata,SKU1,198,183,116,703,SupplierC,5,72,403
5,Kolkata,SKU2,168,190,82,552,SupplierC,6,97,450
5,Kolkata,SKU3,156,175,30,677,SupplierC,8,91,289
5,Kolkata,SKU4,88,88,107,506,SupplierB,9,73,321
5,Kolkata,SKU5,126,132,137,578,SupplierB,4,93,367
5,Delhi,SKU1,163,148,143,738,SupplierB,6,80,225
5,Delhi,SKU2,186,218,91,730,SupplierA,9,88,412
5,Delhi,SKU3,165,157,27,753,SupplierB,4,85,208
5,Delhi,SKU4,125,139,107,643,SupplierC,6,87,105
5,Delhi,SKU5,146,172,41,623,SupplierC,8,85,384
5,Bangalore,SKU1,177,158,141,751,SupplierB,2,72,250
5,Bangalore,SKU2,108,103,82,656,SupplierC,7,85,383
5,Bangalore,SKU3,147,137,104,680,SupplierC,9,78,256
5,Bangalore,SKU4,112,99,69,661,SupplierA,10,100,490
5,Bangalore,SKU5,168,146,75,747,SupplierB,10,89,244
6,Mumbai,SKU1,92,104,95,616,SupplierB,4,79,107
6,Mumbai,SKU2,170,172,90,523,SupplierA,10,79,457
6,Mumbai,SKU3,200,170,145,552,SupplierA,6,85,345
6,Mumbai,SKU4,136,127,33,629,SupplierB,3,96,133
6,Mumbai,SKU5,131,130,33,577,SupplierA,6,72,227
6,Kolkata,SKU1,95,97,126,615,SupplierC,8,84,326
6,Kolkata,SKU2,118,134,129,656,SupplierC,2,89,478
6,Kolkata,SKU3,92,108,73,608,SupplierB,3,75,222
6,Kolkata,SKU4,102,104,60,501,SupplierB,9,92,404
6,Kolkata,SKU5,140,128,79,647,SupplierC,6,92,332
6,Delhi,SKU1,89,95,87,601,SupplierB,3,87,215
6,Delhi,SKU2,162,139,88,572,SupplierA,2,75,257
6,Delhi,SKU3,156,171,93,724,SupplierA,9,92,255
6,Delhi,SKU4,169,162,89,756,SupplierC,9,84,141
6,Delhi,SKU5,156,127,130,665,SupplierC,6,70,146
6,Bangalore,SKU1,109,129,25,637,SupplierC,2,94,487
6,Bangalore,SKU2,102,100,133,642,SupplierA,8,90,351
6,Bangalore,SKU3,91,89,124,670,SupplierB,3,97,182
6,Bangalore,SKU4,122,117,146,647,SupplierC,8,96,489
6,Bangalore,SKU5,150,122,42,661,SupplierB,7,73,495
7,Mumbai,SKU1,131,150,20,777,SupplierB,8,71,196
7,Mumbai,SKU2,146,137,147,726,SupplierA,5,78,381
7,Mumbai,SKU3,96,112,132,748,SupplierA,2,90,411
7,Mumbai,SKU4,182,163,60,659,SupplierC,2,87,308
7,Mumbai,SKU5,91,80,49,736,SupplierA,4,85,466
7,Kolkata,SKU1,117,117,89,712,SupplierB,9,77,333
7,Kolkata,SKU2,150,128,68,760,SupplierC,4,97,135
7,Kolkata,SKU3,115,127,126,674,SupplierC,6,96,101
7,Kolkata,SKU4,116,126,145,576,SupplierB,10,85,276
7,Kolkata,SKU5,122,124,116,733,SupplierB,5,92,222
7,Delhi,SKU1,153,145,125,522,SupplierB,9,92,295
7,Delhi,SKU2,129,154,58,753,SupplierA,4,86,402
7,Delhi,SKU3,122,140,132,551,SupplierC,9,70,469
7,Delhi,SKU4,98,94,59,538,SupplierB,6,80,419
7,Delhi,SKU5,168,161,40,668,SupplierC,10,82,262
7,Bangalore,SKU1,160,173,144,777,SupplierA,3,77,423
7,Bangalore,SKU2,167,195,78,546,SupplierB,3,94,424
7,Bangalore,SKU3,170,195,133,585,SupplierC,6,98,114
7,Bangalore,SKU4,85,79,34,650,SupplierB,7,83,174
7,Bangalore,SKU5,111,112,66,587,SupplierA,3,89,295
8,Mumbai,SKU1,159,246,56,618,SupplierB,6,84,230
8,Mumbai,SKU2,165,195,93,779,SupplierA,3,84,276
8,Mumbai,SKU3,155,212,84,733,SupplierB,5,82,347
8,Mumbai,SKU4,93,120,95,651,SupplierA,8,78,104
8,Mumbai,SKU5,152,257,32,754,SupplierB,5,89,280
8,Kolkata,SKU1,108,165,55,549,SupplierC,2,79,325
8,Kolkata,SKU2,84,126,43,651,SupplierB,8,75,202
8,Kolkata,SKU3,96,159,113,771,SupplierC,6,96,184
8,Kolkata,SKU4,112,194,95,673,SupplierA,9,100,138
8,Kolkata,SKU5,98,152,121,785,SupplierB,3,95,302
8,Delhi,SKU1,81,103,114,634,SupplierC,8,96,426
8,Delhi,SKU2,200,277,140,512,SupplierC,10,80,412
8,Delhi,SKU3,108,166,138,654,SupplierC,8,73,171
8,Delhi,SKU4,85,143,146,559,SupplierA,5,98,375
8,Delhi,SKU5,97,132,127,800,SupplierC,4,98,312
8,Bangalore,SKU1,163,197,124,643,SupplierA,7,76,327
8,Bangalore,SKU2,136,237,45,688,SupplierC,7,71,303
8,Bangalore,SKU3,115,141,136,546,SupplierC,5,90,427
8,Bangalore,SKU4,156,259,105,624,SupplierA,5,72,491
8,Bangalore,SKU5,150,187,79,668,SupplierA,2,78,174
9,Mumbai,SKU1,96,97,64,556,SupplierC,2,74,107
9,Mumbai,SKU2,125,139,80,665,SupplierA,4,78,126
9,Mumbai,SKU3,96,105,49,532,SupplierB,9,94,285
9,Mumbai,SKU4,145,150,135,757,SupplierA,2,93,437
9,Mumbai,SKU5,146,134,27,531,SupplierB,8,83,451
9,Kolkata,SKU1,93,92,133,537,SupplierA,7,89,175
9,Kolkata,SKU2,88,74,103,695,SupplierC,10,79,332
9,Kolkata,SKU3,144,150,45,558,SupplierC,10,93,210
9,Kolkata,SKU4,135,132,78,711,SupplierB,9,82,312
9,Kolkata,SKU5,173,144,129,660,SupplierC,6,81,178
9,Delhi,SKU1,167,195,37,546,SupplierA,3,83,149
9,Delhi,SKU2,175,191,53,784,SupplierA,10,87,268
9,Delhi,SKU3,165,140,110,716,SupplierC,2,100,247
9,Delhi,SKU4,156,144,46,795,SupplierC,5,74,436
9,Delhi,SKU5,141,125,47,679,SupplierC,7,73,490
9,Bangalore,SKU1,115,118,129,787,SupplierC,10,70,411
9,Bangalore,SKU2,198,210,88,514,SupplierA,6,92,490
9,Bangalore,SKU3,119,139,109,503,SupplierA,4,88,436
9,Bangalore,SKU4,131,108,27,546,SupplierC,10,76,292
9,Bangalore,SKU5,133,130,60,689,SupplierB,7,94,390
10,Mumbai,SKU1,156,130,33,579,SupplierA,2,91,141
10,Mumbai,SKU2,114,111,128,748,SupplierC,9,83,239
10,Mumbai,SKU3,107,117,49,676,SupplierB,3,79,447
10,Mumbai,SKU4,166,172,98,523,SupplierA,8,89,128
10,Mumbai,SKU5,80,70,74,570,SupplierB,6,80,161
10,Kolkata,SKU1,80,79,130,589,SupplierA,8,87,460
10,Kolkata,SKU2,109,109,110,536,SupplierB,2,83,109
10,Kolkata,SKU3,138,161,100,794,SupplierB,8,92,427
10,Kolkata,SKU4,133,121,123,510,SupplierB,4,95,416
10,Kolkata,SKU5,138,156,112,545,SupplierB,3,77,323
10,Delhi,SKU1,155,148,40,702,SupplierB,7,77,270
10,Delhi,SKU2,179,155,150,558,SupplierC,10,76,497
10,Delhi,SKU3,124,116,57,620,SupplierA,4,78,201
10,Delhi,SKU4,102,106,39,590,SupplierC,9,84,486
10,Delhi,SKU5,152,167,134,789,SupplierC,7,97,421
10,Bangalore,SKU1,120,103,37,740,SupplierB,6,95,240
10,Bangalore,SKU2,155,127,149,537,SupplierB,9,84,119
10,Bangalore,SKU3,87,82,93,539,SupplierC,3,89,404
10,Bangalore,SKU4,144,137,30,730,SupplierC,5,80,409
10,Bangalore,SKU5,140,140,35,730,SupplierA,7,92,143
11,Mumbai,SKU1,144,152,30,626,SupplierC,9,84,368
11,Mumbai,SKU2,146,152,113,690,SupplierB,8,83,496
11,Mumbai,SKU3,123,131,33,671,SupplierA,7,73,385
11,Mumbai,SKU4,166,158,84,576,SupplierB,3,88,439
11,Mumbai,SKU5,98,114,99,700,SupplierA,3,79,386
11,Kolkata,SKU1,128,135,104,565,SupplierC,10,72,430
11,Kolkata,SKU2,165,159,112,509,SupplierB,6,75,209
11,Kolkata,SKU3,123,145,144,598,SupplierA,4,74,139
11,Kolkata,SKU4,117,133,45,759,SupplierC,10,71,438
11,Kolkata,SKU5,123,141,53,692,SupplierA,4,75,454
11,Delhi,SKU1,178,186,62,724,SupplierA,8,81,446
11,Delhi,SKU2,172,153,133,645,SupplierC,9,77,373
11,Delhi,SKU3,110,101,140,599,SupplierB,9,84,493
11,Delhi,SKU4,116,128,148,770,SupplierB,4,96,202
11,Delhi,SKU5,182,189,84,526,SupplierC,9,97,290
11,Bangalore,SKU1,150,176,51,645,SupplierA,4,78,330
11,Bangalore,SKU2,195,196,131,546,SupplierA,9,98,278
11,Bangalore,SKU3,199,161,33,702,SupplierC,7,77,297
11,Bangalore,SKU4,90,85,27,663,SupplierA,7,95,174
11,Bangalore,SKU5,97,79,140,571,SupplierC,9,84,415
12,Mumbai,SKU1,80,92,24,631,SupplierA,4,87,472
12,Mumbai,SKU2,157,158,48,647,SupplierA,6,73,124
12,Mumbai,SKU3,110,106,137,532,SupplierA,9,89,374
12,Mumbai,SKU4,82,86,81,573,SupplierB,8,70,414
12,Mumbai,SKU5,125,112,126,595,SupplierC,3,86,284
12,Kolkata,SKU1,88,103,149,759,SupplierC,2,82,340
12,Kolkata,SKU2,85,89,115,629,SupplierC,2,81,134
12,Kolkata,SKU3,124,111,46,797,SupplierC,7,74,122
12,Kolkata,SKU4,125,127,64,737,SupplierC,9,90,193
12,Kolkata,SKU5,183,156,137,518,SupplierB,5,71,202
12,Delhi,SKU1,193,157,99,763,SupplierB,10,85,229
12,Delhi,SKU2,84,92,68,646,SupplierB,2,97,435
12,Delhi,SKU3,122,110,114,723,SupplierB,9,98,297
12,Delhi,SKU4,123,146,147,754,SupplierB,10,78,142
12,Delhi,SKU5,173,167,130,592,SupplierC,6,80,152
12,Bangalore,SKU1,90,83,95,656,SupplierB,8,75,453
12,Bangalore,SKU2,136,127,30,680,SupplierC,8,78,427
12,Bangalore,SKU3,181,213,39,707,SupplierB,10,95,483
12,Bangalore,SKU4,166,143,27,573,SupplierC,9,71,164
12,Bangalore,SKU5,88,78,113,685,SupplierB,2,89,178
