Allocated,Capacity,Forecast,Plant,SKU
4523.49,22800,6468,Plant1,SKU1
5027.74,22800,7189,Plant1,SKU2
4323.47,22800,6182,Plant1,SKU3
4219.97,22800,6034,Plant1,SKU4
4705.33,22800,6728,Plant1,SKU5
5237.73,26400,6468,Plant2,SKU1
5821.59,26400,7189,Plant2,SKU2
5006.13,26400,6182,Plant2,SKU3
4886.28,26400,6034,Plant2,SKU4
5448.27,26400,6728,Plant2,SKU5
3809.26,19200,6468,Plant3,SKU1
4233.88,19200,7189,Plant3,SKU2
3640.82,19200,6182,Plant3,SKU3
3553.66,19200,6034,Plant3,SKU4
3962.38,19200,6728,Plant3,SKU5