Supplier_ID,Name,Material,SKU_Linked,Unit_Cost,Min_Order_Qty,Max_Capacity,Lead_Time_Days,Current_Inventory,Reorder_Point,Committed_Lead_Time,Avg_Lead_Time_Days,Deliveries,On_Time_Deliveries
S001,Supplier-1,Glass,SKU-5,21.21,210,1163,14,993,422,8,13,69,69
S002,Supplier-2,Copper,SKU-8,9.38,103,1584,15,833,580,6,11,74,146
S003,Supplier-3,Glass,SKU-3,47.03,141,1279,7,1380,486,10,5,68,75
S004,Supplier-4,Aluminium,SKU-5,49.38,165,4125,10,487,781,6,13,174,40
S005,Supplier-5,Glass,SKU-5,23.04,258,4756,13,464,525,10,12,130,125
S006,Supplier-6,Steel,SKU-7,27.77,167,4593,13,287,617,5,15,112,173
S007,Supplier-7,Steel,SKU-3,43.39,174,2539,5,1367,504,6,7,149,148
S008,Supplier-8,Steel,SKU-6,25.96,264,3191,10,423,343,7,15,77,131
S009,Supplier-9,Aluminium,SKU-4,23.07,116,2299,8,1437,548,8,15,171,59
S010,Supplier-10,Glass,SKU-8,6.72,139,4885,10,498,627,8,9,195,38
